,Player,Tm,G,Year,ID
0,Stacey Arceneaux,STL,7,1962,arcenst01
1,Paul Arizin,PHW,78,1962,arizipa01
2,Al Attles,PHW,75,1962,attleal01
3,Elgin Baylor,LAL,48,1962,bayloel01
4,Walt Bellamy,CHP,79,1962,bellawa01
5,Al Bianchi,SYR,80,1962,biancal01
6,George Blaney,NYK,36,1962,blanege01
7,Bucky Bockhorn,CIN,80,1962,bockhbu01
8,George Bon Salle,CHP,3,1962,bonsage01
9,Bob Boozer,CIN,79,1962,boozebo01
10,Carl Braun,BOS,48,1962,braunca01
11,Joe Buckhalter,CIN,63,1962,buckhjo01
12,Cleveland Buckner,NYK,62,1962,buckncl01
13,Dave Budd,NYK,79,1962,buddda01
14,Ed Burton,NYK,8,1962,burtoed01
15,Donnie Butcher,NYK,47,1962,butchdo01
17,Al Butler,BOS,5,1962,butleal01
18,Al Butler,NYK,54,1962,butleal01
20,Barney Cable,CHP,15,1962,cableba01
21,Barney Cable,STL,52,1962,cableba01
22,Howie Carl,CHP,31,1962,carlho01
23,Wilt Chamberlain,PHW,80,1962,chambwi01
24,Ed Conlin,PHW,70,1962,conlied01
25,Larry Costello,SYR,63,1962,costela01
26,Bob Cousy,BOS,75,1962,cousybo01
27,Jimmy Darrow,STL,5,1962,darroji01
28,Ralph Davis,CHP,77,1962,davisra01
30,Archie Dees,CHP,13,1962,deesar01
31,Archie Dees,STL,8,1962,deesar01
32,Walter Dukes,DET,77,1962,dukeswa01
33,Johnny Egan,DET,58,1962,eganjo01
34,Rich Eichhorst,STL,1,1962,eichhdi01
35,Wayne Embry,CIN,75,1962,embrywa01
36,Ray Felix,LAL,80,1962,felixra01
37,Al Ferrari,STL,79,1962,ferraal01
38,Bob Ferry,DET,80,1962,ferrybo01
39,Larry Foust,STL,57,1962,foustla01
40,Dave Gambee,SYR,80,1962,gambeda01
41,Tom Gola,PHW,60,1962,golato01
43,Joe Graboski,STL,3,1962,grabojo01
44,Joe Graboski,CHP,12,1962,grabojo01
45,Joe Graboski,SYR,23,1962,grabojo01
46,Johnny Green,NYK,80,1962,greenjo01
48,Si Green,STL,14,1962,greensi01
49,Si Green,CHP,57,1962,greensi01
50,Hal Greer,SYR,71,1962,greerha01
51,Gene Guarilia,BOS,45,1962,guarige01
52,Richie Guerin,NYK,78,1962,gueriri01
53,Cliff Hagan,STL,77,1962,hagancl01
54,Swede Halbrook,SYR,64,1962,halbrsw01
56,Vern Hatton,CHP,15,1962,hattove01
57,Vern Hatton,STL,25,1962,hattove01
58,Tom Hawkins,LAL,79,1962,hawkito01
59,Tom Heinsohn,BOS,79,1962,heinsto01
60,Cleo Hill,STL,58,1962,hillcl01
61,Ron Horn,STL,3,1962,hornro01
62,Bailey Howell,DET,79,1962,howelba01
63,Hot Rod Hundley,LAL,78,1962,hundlho01
64,Darrall Imhoff,NYK,76,1962,imhofda01
65,Andy Johnson,CHP,71,1962,johnsan01
66,Howie Jolliff,LAL,64,1962,jolifho01
67,K.C. Jones,BOS,80,1962,joneskc01
68,Sam Jones,BOS,78,1962,jonessa01
69,Willie Jones,DET,69,1962,joneswi01
70,Phil Jordon,NYK,76,1962,jordoph01
71,Red Kerr,SYR,80,1962,kerrre01
72,Doug Kistler,NYK,5,1962,kistldo01
73,Jim Krebs,LAL,78,1962,krebsji01
74,Fred LaCour,STL,73,1962,lacoufr01
76,York Larese,CHP,8,1962,laresyo01
77,York Larese,PHW,51,1962,laresyo01
78,Rudy LaRusso,LAL,80,1962,larusru01
79,George Lee,DET,75,1962,leege01
80,Slick Leonard,CHP,70,1962,leonasl01
81,Jim Loscutoff,BOS,79,1962,loscuji01
82,Clyde Lovellette,STL,40,1962,lovelcl01
83,Ted Luckenbill,PHW,67,1962,luckete01
84,Whitey Martin,NYK,66,1962,martiwh01
85,Johnny McCarthy,STL,15,1962,mccarjo01
87,Shellie McMillon,DET,14,1962,mcmilsh01
88,Shellie McMillon,STL,48,1962,mcmilsh01
90,Bob McNeill,PHW,21,1962,mcneibo01
91,Bob McNeill,LAL,29,1962,mcneibo01
92,Tom Meschery,PHW,80,1962,meschto01
93,Jackie Moreland,DET,74,1962,morelja01
94,Willie Naulls,NYK,75,1962,naullwi01
95,Paul Neumann,SYR,77,1962,neumapa01
96,Chuck Noble,DET,26,1962,noblech01
97,Bevo Nordmann,CIN,58,1962,nordmbe01
98,Don Ohl,DET,77,1962,ohldo01
99,Chuck Osborne,SYR,4,1962,osborch01
100,Bob Pettit,STL,78,1962,pettibo01
101,Gary Phillips,BOS,67,1962,phillga01
102,Dave Piontek,CHP,45,1962,piontda01
103,Frank Radovich,PHW,37,1962,radovfr01
104,Frank Ramsey,BOS,79,1962,ramsefr01
105,Hub Reed,CIN,80,1962,reedhu01
106,Joe Roberts,SYR,80,1962,roberjo01
107,Oscar Robertson,CIN,79,1962,roberos01
108,Guy Rodgers,PHW,80,1962,rodgegu01
109,Joe Ruklick,PHW,46,1962,ruklijo01
110,Bill Russell,BOS,76,1962,russebi01
111,Tom Sanders,BOS,80,1962,sandeto01
113,Woody Sauldsberry,STL,14,1962,sauldwo01
114,Woody Sauldsberry,CHP,49,1962,sauldwo01
115,Dolph Schayes,SYR,56,1962,schaydo01
116,Ray Scott,DET,75,1962,scottra01
117,Frank Selvy,LAL,79,1962,selvyfr01
118,Lee Shaffer,SYR,75,1962,shaffle01
119,Gene Shue,DET,80,1962,shuege01
121,Bob Sims,LAL,19,1962,simsbo01
122,Bob Sims,STL,46,1962,simsbo01
123,Adrian Smith,CIN,80,1962,smithad01
124,Bill Smith,NYK,9,1962,smithbi01
125,Bobby Smith,LAL,3,1962,smithbo01
126,Sam Stith,NYK,32,1962,stithsa01
127,Jack Turner,CHP,42,1962,turneja02
128,Jack Twyman,CIN,80,1962,twymaja01
129,Charlie Tyra,CHP,78,1962,tyrach01
130,Horace Walker,CHP,65,1962,walkeho01
131,Jerry West,LAL,75,1962,westje01
132,Bob Wiesenhahn,CIN,60,1962,wiesebo01
133,Lenny Wilkens,STL,20,1962,wilkele01
134,Wayne Yates,LAL,37,1962,yateswa01
135,Dave Zeller,CIN,61,1962,zelleda01
